sku,link
SP0100227,https://www.breville.com/en-nz/product/SP0100227
SP0001475,https://www.breville.com/en-nz/product/SP0001475
SP0001516,https://www.breville.com/en-nz/product/SP0001516
SP0001518,https://www.breville.com/en-nz/product/SP0001518
SP0001519,https://www.breville.com/en-nz/product/SP0001519
SP0001520,https://www.breville.com/en-nz/product/SP0001520
SP0001521,https://www.breville.com/en-nz/product/SP0001521
SP0001575,https://www.breville.com/en-nz/product/SP0001575
SP0001509,https://www.breville.com/en-nz/product/SP0001509
SP0001584,https://www.breville.com/en-nz/product/SP0001584
SP0101807,https://www.breville.com/en-nz/product/SP0101807
SP0025497,https://www.breville.com/en-nz/product/SP0025497
SP0025526,https://www.breville.com/en-nz/product/SP0025526
SP0025527,https://www.breville.com/en-nz/product/SP0025527
SP0025528,https://www.breville.com/en-nz/product/SP0025528
SP0022926,https://www.breville.com/en-nz/product/SP0022926
SP0022472,https://www.breville.com/en-nz/product/SP0022472
SP0001635,https://www.breville.com/en-nz/product/SP0001635
SP0001757,https://www.breville.com/en-nz/product/SP0001757
SP0001761,https://www.breville.com/en-nz/product/SP0001761
SP0001762,https://www.breville.com/en-nz/product/SP0001762
SP0001763,https://www.breville.com/en-nz/product/SP0001763
SP0001817,https://www.breville.com/en-nz/product/SP0001817
SP0001834,https://www.breville.com/en-nz/product/SP0001834
SP0001838,https://www.breville.com/en-nz/product/SP0001838
SP0001840,https://www.breville.com/en-nz/product/SP0001840
SP0028413,https://www.breville.com/en-nz/product/SP0028413
SP0001854,https://www.breville.com/en-nz/product/SP0001854
SP0001872,https://www.breville.com/en-nz/product/SP0001872
SP0001875,https://www.breville.com/en-nz/product/SP0001875
SP0001879,https://www.breville.com/en-nz/product/SP0001879
SP0009315,https://www.breville.com/en-nz/product/SP0009315
SP0016407,https://www.breville.com/en-nz/product/SP0016407
SP0007761,https://www.breville.com/en-nz/product/SP0007761
SP0002318,https://www.breville.com/en-nz/product/SP0002318
SP0002342,https://www.breville.com/en-nz/product/SP0002342
SP0023675,https://www.breville.com/en-nz/product/SP0023675
SP0026972,https://www.breville.com/en-nz/product/SP0026972
SP0026973,https://www.breville.com/en-nz/product/SP0026973
SP0008978,https://www.breville.com/en-nz/product/SP0008978
SP0002833,https://www.breville.com/en-nz/product/SP0002833
SP0020311,https://www.breville.com/en-nz/product/SP0020311
SP0027368,https://www.breville.com/en-nz/product/SP0027368
SP0101824,https://www.breville.com/en-nz/product/SP0101824
SP0000129,https://www.breville.com/en-nz/product/SP0000129
SP0000306,https://www.breville.com/en-nz/product/SP0000306
SP0000695,https://www.breville.com/en-nz/product/SP0000695
SP0016206,https://www.breville.com/en-nz/product/SP0016206
SP0001285,https://www.breville.com/en-nz/product/SP0001285
SP0001286,https://www.breville.com/en-nz/product/SP0001286
SP0001287,https://www.breville.com/en-nz/product/SP0001287
SP0009320,https://www.breville.com/en-nz/product/SP0009320
SP0009327,https://www.breville.com/en-nz/product/SP0009327
SP0009328,https://www.breville.com/en-nz/product/SP0009328
SP0009329,https://www.breville.com/en-nz/product/SP0009329
SP0021380,https://www.breville.com/en-nz/product/SP0021380
SP0011155,https://www.breville.com/en-nz/product/SP0011155
SP0001876,https://www.breville.com/en-nz/product/SP0001876
SP0027464,https://www.breville.com/en-nz/product/SP0027464
SP0001871,https://www.breville.com/en-nz/product/SP0001871
SP0001786,https://www.breville.com/en-nz/product/SP0001786
SP0001742,https://www.breville.com/en-nz/product/SP0001742
SP0001741,https://www.breville.com/en-nz/product/SP0001741
SP0101738,https://www.breville.com/en-nz/product/SP0101738
SP0101736,https://www.breville.com/en-nz/product/SP0101736
SP0025558,https://www.breville.com/en-nz/product/SP0025558
SP0025546,https://www.breville.com/en-nz/product/SP0025546
SP0101763,https://www.breville.com/en-nz/product/SP0101763
SP0101745,https://www.breville.com/en-nz/product/SP0101745
SP0101740,https://www.breville.com/en-nz/product/SP0101740
SP0101737,https://www.breville.com/en-nz/product/SP0101737
SP0001427,https://www.breville.com/en-nz/product/SP0001427
SP0024833,https://www.breville.com/en-nz/product/SP0024833
SP0024788,https://www.breville.com/en-nz/product/SP0024788
SP0026960,https://www.breville.com/en-nz/product/SP0026960
SP0016204,https://www.breville.com/en-nz/product/SP0016204
SP0011394,https://www.breville.com/en-nz/product/SP0011394
SP0011393,https://www.breville.com/en-nz/product/SP0011393
SP0016007,https://www.breville.com/en-nz/product/SP0016007
SP0016002,https://www.breville.com/en-nz/product/SP0016002
SP0100650,https://www.breville.com/en-nz/product/SP0100650
SP0027774,https://www.breville.com/en-nz/product/SP0027774
SP0027365,https://www.breville.com/en-nz/product/SP0027365
SP0027364,https://www.breville.com/en-nz/product/SP0027364
SP0027363,https://www.breville.com/en-nz/product/SP0027363
SP0026842,https://www.breville.com/en-nz/product/SP0026842
SP0025953,https://www.breville.com/en-nz/product/SP0025953
SP0025305,https://www.breville.com/en-nz/product/SP0025305
SP0025001,https://www.breville.com/en-nz/product/SP0025001
SP0023448,https://www.breville.com/en-nz/product/SP0023448
SP0020312,https://www.breville.com/en-nz/product/SP0020312
SP0009360,https://www.breville.com/en-nz/product/SP0009360
SP0007824,https://www.breville.com/en-nz/product/SP0007824
SP0007349,https://www.breville.com/en-nz/product/SP0007349
SP0007227,https://www.breville.com/en-nz/product/SP0007227
SP0006790,https://www.breville.com/en-nz/product/SP0006790
SP0002826,https://www.breville.com/en-nz/product/SP0002826
SP0002705,https://www.breville.com/en-nz/product/SP0002705
SP0002436,https://www.breville.com/en-nz/product/SP0002436
SP0000022,https://www.breville.com/en-nz/product/SP0000022
LWR050BLK0NAN1,https://www.breville.com/en-nz/product/LWR050BLK0NAN1
LWA063WHT0ZAN1,https://www.breville.com/en-nz/product/LWA063WHT0ZAN1
LPH070WHT0NAN1,https://www.breville.com/en-nz/product/LPH070WHT0NAN1
LPH040WHT0NAN1,https://www.breville.com/en-nz/product/LPH040WHT0NAN1
LEM013GRY0NAN1,https://www.breville.com/en-nz/product/LEM013GRY0NAN1
LAP065BLU0ZAN1,https://www.breville.com/en-nz/product/LAP065BLU0ZAN1
LAP060BLU0ZAN1,https://www.breville.com/en-nz/product/LAP060BLU0ZAN1
LAP040BLU0ZAN1,https://www.breville.com/en-nz/product/LAP040BLU0ZAN1
LAP020BLU0ZAN1,https://www.breville.com/en-nz/product/LAP020BLU0ZAN1
LAP010BLU0ZAN1,https://www.breville.com/en-nz/product/LAP010BLU0ZAN1
LAD070BLU0ZAN1,https://www.breville.com/en-nz/product/LAD070BLU0ZAN1
BWF100,https://www.breville.com/en-nz/product/BWF100
BKC250,https://www.breville.com/en-nz/product/BKC250
BES048BTR0NAN1,https://www.breville.com/en-nz/product/BES048BTR0NAN1
BES046CLR0NAN1,https://www.breville.com/en-nz/product/BES046CLR0NAN1
BES045CLR0NAN1,https://www.breville.com/en-nz/product/BES045CLR0NAN1
BES035BLK0NAN1,https://www.breville.com/en-nz/product/BES035BLK0NAN1
BES030SST0ZAN1,https://www.breville.com/en-nz/product/BES030SST0ZAN1
BES030BTR0NAN1,https://www.breville.com/en-nz/product/BES030BTR0NAN1
BES030BSS0NAN1,https://www.breville.com/en-nz/product/BES030BSS0NAN1
BES014CLR0NAN1,https://www.breville.com/en-nz/product/BES014CLR0NAN1
BES013CLR0NAN1,https://www.breville.com/en-nz/product/BES013CLR0NAN1
BES011CLR0NAN1,https://www.breville.com/en-nz/product/BES011CLR0NAN1
BES010CLR0NAN1,https://www.breville.com/en-nz/product/BES010CLR0NAN1
BES009CLR0NAN2,https://www.breville.com/en-nz/product/BES009CLR0NAN2
BES008WHT0NAN1,https://www.breville.com/en-nz/product/BES008WHT0NAN1
BES003,https://www.breville.com/en-nz/product/BES003
BEA503NEU0ZAN1,https://www.breville.com/en-nz/product/BEA503NEU0ZAN1
BEA502SST0ZAN1,https://www.breville.com/en-nz/product/BEA502SST0ZAN1
BEA502BTR0ZAN1,https://www.breville.com/en-nz/product/BEA502BTR0ZAN1
BEA502BSS0ZAN1,https://www.breville.com/en-nz/product/BEA502BSS0ZAN1
BEA501SST0ZAN1,https://www.breville.com/en-nz/product/BEA501SST0ZAN1
BEA501BTR0ZAN1,https://www.breville.com/en-nz/product/BEA501BTR0ZAN1
BEA501BSS0ZAN1,https://www.breville.com/en-nz/product/BEA501BSS0ZAN1
BEA401PSS0ZAN1,https://www.breville.com/en-nz/product/BEA401PSS0ZAN1
BEA304WLW0ZAN1,https://www.breville.com/en-nz/product/BEA304WLW0ZAN1
BEA303WLW0ZAN1,https://www.breville.com/en-nz/product/BEA303WLW0ZAN1
BEA302WLW0ZAN1,https://www.breville.com/en-nz/product/BEA302WLW0ZAN1
BEA204WLW0ZAN1,https://www.breville.com/en-nz/product/BEA204WLW0ZAN1
BEA202WLW0ZAN1,https://www.breville.com/en-nz/product/BEA202WLW0ZAN1
BEA201NEU0ZAN1,https://www.breville.com/en-nz/product/BEA201NEU0ZAN1
BEA050BTR0ZAN1,https://www.breville.com/en-nz/product/BEA050BTR0ZAN1
BCC302NEU0ZAN1,https://www.breville.com/en-nz/product/BCC302NEU0ZAN1
BCC202NEU0ZAN1,https://www.breville.com/en-nz/product/BCC202NEU0ZAN1
BCC201NEU0ZAN1,https://www.breville.com/en-nz/product/BCC201NEU0ZAN1
BCC101NEU0ZAN1,https://www.breville.com/en-nz/product/BCC101NEU0ZAN1
BCA002BSS0ZAN0,https://www.breville.com/en-nz/product/BCA002BSS0ZAN0
BCA001BSS0ZAN0,https://www.breville.com/en-nz/product/BCA001BSS0ZAN0
BBL002SIL0NAN1,https://www.breville.com/en-nz/product/BBL002SIL0NAN1
AQP-FCR-Q,https://www.breville.com/en-nz/product/AQP-FCR-Q
AQP-FBOT4,https://www.breville.com/en-nz/product/AQP-FBOT4
SP0024809,https://www.breville.com/en-nz/product/SP0024809
SP0025502,https://www.breville.com/en-nz/product/SP0025502
SP0007805,https://www.breville.com/en-nz/product/SP0007805
SP0022118,https://www.breville.com/en-nz/product/SP0022118
SP0020314,https://www.breville.com/en-nz/product/SP0020314
SP0023446,https://www.breville.com/en-nz/product/SP0023446
SP0023310,https://www.breville.com/en-nz/product/SP0023310
SP0001556,https://www.breville.com/en-nz/product/SP0001556
SP0001569,https://www.breville.com/en-nz/product/SP0001569
SP0027237,https://www.breville.com/en-nz/product/SP0027237
SP0001801,https://www.breville.com/en-nz/product/SP0001801
SP0021598,https://www.breville.com/en-nz/product/SP0021598
SP0000474,https://www.breville.com/en-nz/product/SP0000474
SP0013202,https://www.breville.com/en-nz/product/SP0013202
SP0101839,https://www.breville.com/en-nz/product/SP0101839
SP0102336,https://www.breville.com/en-nz/product/SP0102336
SP0025559,https://www.breville.com/en-nz/product/SP0025559
SP0100649,https://www.breville.com/en-nz/product/SP0100649
SP0002822,https://www.breville.com/en-nz/product/SP0002822
BFP009NEU0ZAN1,https://www.breville.com/en-nz/product/BFP009NEU0ZAN1
BES015CLR0NAN1,https://www.breville.com/en-nz/product/BES015CLR0NAN1
SP0000136,https://www.breville.com/en-nz/product/SP0000136
SP0001289,https://www.breville.com/en-nz/product/SP0001289
SP0001851,https://www.breville.com/en-nz/product/SP0001851
SP0027819,https://www.breville.com/en-nz/product/SP0027819
LPH080BLU0ZAN1,https://www.breville.com/en-nz/product/LPH080BLU0ZAN1
BES048SST0ZAN1,https://www.breville.com/en-nz/product/BES048SST0ZAN1
